species,treatment,week,x1,x2,x3,x4,x5,x6
Arec,  No N,0, 100, 0, 0, 0, 0, 0
Arec,  No N,0.5,16.8831,0,59.7403,23.3766,0,0
Arec,  No N,1,2.8504,0,19.4972,47.7567,29.4087,0.36526
Arec,  No N,1.5,0.48124,0,4.7743,26.2502,49.0069,19.1168
Arec,  No N,2,0.081248,0,1.0396,10.4711,38.3696,49.5312
Arec,  No N,2.5,0.013717,0,0.21231,3.612,22.4139,73.1864
Arec,  No N,3,0.0023159,0,0.041641,1.1514,11.2585,86.9656
Arec,  No N,3.5,0.00039099,0,0.0079434,0.35033,5.1782,93.8765
Arec,  No N,4,6.6012e-05,0,0.0014849,0.10357,2.2541,97.0524
Arec,  No N,4.5,1.1145e-05,0,0.00027336,0.030071,0.94666,98.4341
Arec,  No N,5,1.8816e-06,0,4.9722e-05,0.0086304,0.38812,99.0141
Arec, Low N,0, 100, 0, 0, 0, 0, 0
Arec, Low N,0.5,5.7143,3.8095,57.1429,33.3333,0,0
Arec, Low N,1,0.32653,0.21769,13.4159,48.8989,36.6445,0
Arec, Low N,1.5,0.018659,0.012439,2.2704,20.7799,55.0787,21.2398
Arec, Low N,2,0.0010662,0.00071081,0.35252,6.5365,39.3277,53.1644
Arec, Low N,2.5,6.0927e-05,4.0618e-05,0.053149,1.8197,21.5478,75.9594
Arec, Low N,3,3.4815e-06,2.321e-06,0.0079267,0.47743,10.4455,88.4489
Arec, Low N,3.5,1.9895e-07,1.3263e-07,0.0011773,0.12138,4.7539,94.5033
Arec, Low N,4,1.1368e-08,7.5789e-09,0.00017459,0.030317,2.0905,97.2588
Arec, Low N,4.5,6.4962e-10,4.3308e-10,2.5876e-05,0.0074954,0.90177,98.4705
Arec, Low N,5,3.7121e-11,2.4747e-11,3.834e-06,0.001842,0.38477,98.9931
Arec,High N,0, 100, 0, 0, 0, 0, 0
Arec,High N,0.5,7.0588,2.3529,58.8235,31.7647,0,0
Arec,High N,1,0.49827,0.16609,10.702,52.2314,35.2441,0.67584
Arec,High N,1.5,0.035172,0.011724,1.3724,19.2401,52.5208,26.0315
Arec,High N,2,0.0024827,0.00082758,0.155,5.1882,30.9506,62.5698
Arec,High N,2.5,0.00017525,5.8417e-05,0.016417,1.2428,13.4382,83.9711
Arec,High N,3,1.2371e-05,4.1236e-06,0.0016746,0.28278,5.0569,93.2416
Arec,High N,3.5,8.7323e-07,2.9108e-07,0.0001668,0.062865,1.7615,96.7263
Arec,High N,4,6.1639e-08,2.0546e-08,1.6351e-05,0.013829,0.58639,97.9393
Arec,High N,4.5,4.351e-09,1.4503e-09,1.5854e-06,0.0030275,0.1898,98.343
Bbra,  No N,0, 100, 0, 0, 0, 0, 0
Bbra,  No N,0.5,20.7254,7.2539,33.6788,37.8238,0.51813,0
Bbra,  No N,1,4.2954,1.5034,7.4903,48.8427,26.9369,9.697
Bbra,  No N,1.5,0.89024,0.31158,1.5601,20.0152,31.332,44.1537
Bbra,  No N,2,0.18451,0.064577,0.32346,6.4456,14.6553,76.429
Bbra,  No N,2.5,0.03824,0.013384,0.06704,1.8681,5.1552,90.9142
Bbra,  No N,3,0.0079253,0.0027739,0.013894,0.51047,1.5822,95.9263
Bbra,  No N,3.5,0.0016426,0.00057489,0.0028797,0.13436,0.44932,97.4516
Bbra,  No N,4,0.00034043,0.00011915,0.00059682,0.034461,0.12148,97.8825
Bbra, Low N,0, 100, 0, 0, 0, 0, 0
Bbra, Low N,0.5,31.3043,15.2174,26.9565,26.5217,0,0
Bbra, Low N,1,9.7996,4.7637,8.8861,46.5163,25.4832,4.5511
Bbra, Low N,1.5,3.0677,1.4912,2.7817,22.7812,33.9853,35.8927
Bbra, Low N,2,0.96033,0.46683,0.87081,8.8338,17.9131,70.9552
Bbra, Low N,2.5,0.30062,0.14614,0.2726,3.1179,7.2714,88.8914
Bbra, Low N,3,0.094108,0.045747,0.085336,1.0491,2.6339,96.0918
Bbra, Low N,3.5,0.02946,0.014321,0.026714,0.34352,0.89971,98.6863
Bbra, Low N,4,0.0092223,0.004483,0.0083626,0.11067,0.29731,99.57
Bbra,High N,0, 100, 0, 0, 0, 0, 0
Bbra,High N,0.5,31.1688,7.7922,28.1385,32.4675,0,0.4329
Bbra,High N,1,9.715,2.4287,9.2034,37.2434,29.9569,11.0197
Bbra,High N,1.5,3.028,0.75701,2.8686,15.2082,26.4544,51.116
Bbra,High N,2,0.9438,0.23595,0.8941,5.184,11.3238,80.8085
Bbra,High N,2.5,0.29417,0.073543,0.27868,1.6705,3.9701,93.09
Bbra,High N,3,0.09169,0.022923,0.086862,0.52743,1.2956,97.3484
Bbra,High N,3.5,0.028579,0.0071447,0.027074,0.16522,0.41125,98.7324
Bbra,High N,4,0.0089077,0.0022269,0.0084386,0.051601,0.12911,99.171
Pmir,  No N,0, 100, 0, 0, 0, 0, 0
Pmir,  No N,0.5,1.6484,0,0,95.6044,2.7473,0
Pmir,  No N,1,0.027171,0,0,1.5759,95.9059,2.491
Pmir,  No N,1.5,0.00044787,0,0,0.025976,10.5212,88.9279
Pmir,  No N,2,7.3824e-06,0,0,0.00042818,1.0072,79.7462
Pmir,  No N,2.5,1.2169e-07,0,0,7.0579e-06,0.094368,63.8709
Pmir, Low N,0, 100, 0, 0, 0, 0, 0
Pmir, Low N,0.5,1.0989,0,0,97.8022,1.0989,0
Pmir, Low N,1,0.012076,0,0,1.6211,97.3546,1.0064
Pmir, Low N,1.5,0.0001327,0,0,0.020867,9.2981,89.8948
Pmir, Low N,2,1.4583e-06,0,0,0.00024636,0.75481,74.4734
Pmir, Low N,2.5,1.6025e-08,0,0,2.8025e-06,0.059835,55.3344
Pmir,High N,0, 100, 0, 0, 0, 0, 0
Pmir,High N,0.5,5.8201,0,0.5291,91.5344,2.1164,0
Pmir,High N,1,0.33874,0,0.030794,7.8986,87.7272,2.3067
Pmir,High N,1.5,0.019715,0,0.0017923,0.53193,15.1598,75.5712
Pmir,High N,2,0.0011474,0,0.00010431,0.032988,1.8233,53.0502
Pmir,High N,2.5,6.6781e-05,0,6.071e-06,0.0019769,0.18967,29.7698
